api_id,name,first_name,last_name,email,phone_number,created_at,approval_status,checked_in_at,custom_source,qr_code_url,amount,amount_tax,amount_discount,currency,coupon_code,eth_address,solana_address,survey_response_rating,survey_response_feedback,ticket_type_id,ticket_name,What is your LinkedIn profile?,What company do you work for?,What is your job title?,Link to something you've built,Whats your most impressive achievement in the last 3 years?,What is your main goal for this hackathon?,Terms and Conditions
gst-GoEd9Sf53GRx8ffi,Cameron Martin,Cameron,Martin,cameronmar@pm.me,,2026-02-18T15:15:48.000Z,approved,2026-02-21T02:52:18.000Z,,https://luma.com/check-in/evt-TEHackLDN2026?pk=YeJA7oqtXRTtqemW,$0.00,$0.00,$0.00,usd,,,,5.0,Best hackathon I have been to in London. Will come back.,evtticktyp-ENG0000001,Engineer,https://linkedin.com/in/cameron-martin-748,Stripe,ML Engineer,https://huggingface.co/spaces/cameron-martin,Led technical due diligence for a €20M Series A at a VC firm.,Find a co-founder with complementary skills.,Agreed
gst-hwVCC0fYsRLn1jS8,Diego Yilmaz,Diego,Yilmaz,diego12@hey.com,,2026-02-16T19:18:59.000Z,approved,2026-02-21T00:47:01.000Z,,https://luma.com/check-in/evt-TEHackLDN2026?pk=ydsYk70IIfgXhdWn,$0.00,$0.00,$0.00,usd,,,,3.0,Amazing community. The talks before hacking started were excellent.,evtticktyp-ENG0000001,Engineer,https://linkedin.com/in/diego-yilmaz-346,Klarna,Solutions Architect,,"Rebuilt the data platform for a Series B startup, cutting infrastructure costs by 40%.",Build something I can show to early customers.,Agreed
gst-4e9mOYf0Yh6d5ASE,Harley Ferrari,Harley,Ferrari,harleyfer@gmail.com,,2026-02-17T11:06:20.000Z,approved,2026-02-21T02:44:31.000Z,,https://luma.com/check-in/evt-TEHackLDN2026?pk=xAv4rBjMMOE2Dfxz,$0.00,$0.00,$0.00,usd,,,,,,evtticktyp-PFND000001,Pre-Founder,https://linkedin.com/in/harley-ferrari-742,Meta,VP Product,https://github.com/harley-ferrari/open-source-lib,Created a developer tool that reduced onboarding time from 2 weeks to 3 days.,Network with engineers building at the frontier.,Agreed
gst-WwHE4Fyltn3Wd9GV,Elena Bernard,Elena,Bernard,ebernard@hey.com,,2026-02-18T05:55:48.000Z,approved,2026-02-21T03:32:56.000Z,,https://luma.com/check-in/evt-TEHackLDN2026?pk=98gOqY4d9n0Xv00k,$0.00,$0.00,$0.00,usd,,,,,,evtticktyp-ENG0000001,Engineer,https://linkedin.com/in/elena-bernard-489,Mistral AI,Data Engineer,,Led technical due diligence for a €20M Series A at a VC firm.,Win the hackathon and validate the concept.,Agreed
gst-6IIl92EtEfonGa4m,Luca Constantin,Luca,Constantin,luca96@pm.me,,2026-02-18T18:42:23.000Z,approved,2026-02-21T02:34:51.000Z,,https://luma.com/check-in/evt-TEHackLDN2026?pk=iS40ubK4W017x6yg,$0.00,$0.00,$0.00,usd,,,,,,evtticktyp-RES0000001,Researcher / Student,https://linkedin.com/in/luca-constantin-746,Stripe,Researcher,https://github.com/luca-constantin/open-source-lib,Scaled a backend system from 10K to 5M daily active users across two data centres.,Win the hackathon and validate the concept.,Agreed
gst-k8R5WnKktQhT66y9,Tomasz Holmberg,Tomasz,Holmberg,tomasz35@yahoo.com,,2026-02-16T17:56:09.000Z,approved,2026-02-21T03:41:39.000Z,,https://luma.com/check-in/evt-TEHackLDN2026?pk=7cL57nJ6iUo8k2fR,$0.00,$0.00,$0.00,usd,,,,4.0,,evtticktyp-FND0000001,Founder,https://linkedin.com/in/tomasz-holmberg-770,Independent,Co-Founder,https://github.com/tomasz-holmberg/open-source-lib,"Led a team that automated 70% of manual ops workflows, saving 200+ engineer-hours per month.",Meet potential hires for a project I am starting.,Agreed
gst-pgaxT82ExHgD1OQk,Elise Richter,Elise,Richter,erichter@fastmail.com,,2026-02-16T08:49:47.000Z,approved,2026-02-21T01:02:44.000Z,,https://luma.com/check-in/evt-TEHackLDN2026?pk=e0st7ekxTH3fKMDb,$0.00,$0.00,$0.00,usd,,,,,,evtticktyp-ENG0000001,Engineer,https://linkedin.com/in/elise-richter-669,Wise,Research Engineer,https://github.com/elise-richter/open-source-lib,Designed and deployed a real-time fraud detection system processing 1M+ transactions per day.,Have fun and meet interesting people.,Agreed
gst-mlRSTqrodJ0jwAsP,Bjorn Bjork,Bjorn,Bjork,bjorn_bjork@icloud.com,,2026-02-19T00:47:23.000Z,approved,2026-02-21T01:21:09.000Z,,https://luma.com/check-in/evt-TEHackLDN2026?pk=Lmbksf0tyEOfHl2w,$0.00,$0.00,$0.00,usd,,,,,,evtticktyp-ENG0000001,Engineer,https://linkedin.com/in/bjorn-bjork-450,Stealth,ML Engineer,https://github.com/bjorn-bjork/open-source-lib,Raised a pre-seed round of €500K and launched an MVP within 90 days.,Ship a working prototype and get feedback from domain experts.,Agreed
gst-jRfPYzUodyG7Q6Jo,Emre Kowalczyk,Emre,Kowalczyk,emre.kowalczyk@gmail.com,,2026-02-17T03:10:21.000Z,approved,2026-02-21T01:35:09.000Z,,https://luma.com/check-in/evt-TEHackLDN2026?pk=sy0cJGJ8j6B6knlc,$0.00,$0.00,$0.00,usd,,,,4.0,Very impressed by the calibre of projects. Learned a lot.,evtticktyp-PFND000001,Pre-Founder,https://linkedin.com/in/emre-kowalczyk-905,Meta,Product Manager - AI,https://github.com/emrekowalczyk/demo-project,Co-founded a B2B SaaS tool reaching €250K ARR in 18 months with zero outside funding.,Build something I can show to early customers.,Agreed
gst-tTYfII1G4aRKWgjJ,Andrei Celik,Andrei,Celik,andrei48@hey.com,,2026-02-16T22:42:11.000Z,approved,2026-02-21T03:39:30.000Z,,https://luma.com/check-in/evt-TEHackLDN2026?pk=K7ggWW122qOJDkyM,$0.00,$0.00,$0.00,usd,,,,,,evtticktyp-ENG0000001,Engineer,https://linkedin.com/in/andrei-celik-402,Poolside,Data Engineer,https://github.com/andrei-celik/open-source-lib,Completed a PhD in ML with a focus on out-of-distribution generalisation.,Ship a working prototype and get feedback from domain experts.,Agreed
gst-53bYsrERg1i8BZqz,Mikael Kumar,Mikael,Kumar,mikaelkum@gmail.com,,2026-02-17T12:49:14.000Z,approved,2026-02-21T03:01:07.000Z,,https://luma.com/check-in/evt-TEHackLDN2026?pk=OlnZTV1YFjtFi02b,$0.00,$0.00,$0.00,usd,,,,4.0,"Really well organised, loved the energy and quality of other participants.",evtticktyp-FND0000001,Founder,http://linkedin.com/in/mikael-kumar-708,Zalando,Technical Co-Founder,,"Rebuilt the data platform for a Series B startup, cutting infrastructure costs by 40%.",Network with engineers building at the frontier.,Agreed
gst-RqZFNhbxKl1Kvk3U,Rowan Sato,Rowan,Sato,rowan61@gmail.com,,2026-02-18T20:56:48.000Z,approved,2026-02-21T00:12:22.000Z,,https://luma.com/check-in/evt-TEHackLDN2026?pk=QrxkJ71OQqzbWVa4,$0.00,$0.00,$0.00,usd,,,,3.0,"Really well organised, loved the energy and quality of other participants.",evtticktyp-ENG0000001,Engineer,https://linkedin.com/in/rowan-sato-392,SumUp,Data Engineer,https://github.com/rowan-sato/open-source-lib,Designed and deployed a real-time fraud detection system processing 1M+ transactions per day.,Have fun and meet interesting people.,Agreed
gst-30CnsGMKa970IKrQ,Charlie Fischer,Charlie,Fischer,charlie.fischer@yahoo.com,,2026-02-18T18:19:01.000Z,approved,2026-02-21T00:17:31.000Z,,https://luma.com/check-in/evt-TEHackLDN2026?pk=DururO7OlGod1Yzt,$0.00,$0.00,$0.00,usd,,,,5.0,Very impressed by the calibre of projects. Learned a lot.,evtticktyp-PFND000001,Pre-Founder,https://linkedin.com/in/charlie-fischer-132,Celonis,Product Manager,,"Grew an open-source library from 0 to 3,400 GitHub stars in under a year.",Ship a working prototype and get feedback from domain experts.,Agreed
gst-ycRJlTnHW4PF002l,Spencer Nakamura,Spencer,Nakamura,snakamura@fastmail.com,,2026-02-18T07:43:29.000Z,approved,2026-02-21T01:47:31.000Z,,https://luma.com/check-in/evt-TEHackLDN2026?pk=ghqYVlQufwUtWuqs,$0.00,$0.00,$0.00,usd,,,,5.0,,evtticktyp-ENG0000001,Engineer,https://linkedin.com/in/spencer-nakamura-200,Independent,Research Engineer,,Published a paper at NeurIPS on efficient fine-tuning of large language models.,Meet potential hires for a project I am starting.,Agreed
gst-3F1xsd0imzJ4CtSW,Santiago Ionescu,Santiago,Ionescu,santiago.ionescu@pm.me,,2026-02-16T11:54:31.000Z,approved,2026-02-21T03:12:57.000Z,,https://luma.com/check-in/evt-TEHackLDN2026?pk=ENkNaqVkVEVfMNz7,$0.00,$0.00,$0.00,usd,,,,,,evtticktyp-PFND000001,Pre-Founder,http://linkedin.com/in/santiago-ionescu-541,Personio,Product Manager,,Completed a PhD in ML with a focus on out-of-distribution generalisation.,Ship a working prototype and get feedback from domain experts.,Agreed
gst-UGbaTo2tgFsec6CG,Zara Richter,Zara,Richter,zrichter@pm.me,,2026-02-16T10:44:49.000Z,approved,2026-02-21T02:22:04.000Z,,https://luma.com/check-in/evt-TEHackLDN2026?pk=GAQi9EUk4Ybn9nbF,$0.00,$0.00,$0.00,usd,,,,5.0,"Really well organised, loved the energy and quality of other participants.",evtticktyp-ENG0000001,Engineer,https://linkedin.com/in/zara-richter-552,Aleph Alpha,Principal Engineer,https://github.com/zara-richter/open-source-lib,Published a paper at NeurIPS on efficient fine-tuning of large language models.,Win the hackathon and validate the concept.,Agreed
gst-KcgZchBhpRmQaAgG,Ines Mensah,Ines,Mensah,imensah@fastmail.com,,2026-02-18T11:46:53.000Z,approved,2026-02-21T01:59:05.000Z,,https://luma.com/check-in/evt-TEHackLDN2026?pk=MRz3FMrWELWZ8wzj,$0.00,$0.00,$0.00,usd,,,,4.0,Very impressed by the calibre of projects. Learned a lot.,evtticktyp-ENG0000001,Engineer,https://linkedin.com/in/ines-mensah-394,Trade Republic,VC Analyst,https://github.com/inesmensah/demo-project,Ran growth experiments that doubled monthly active users in a B2C app over 6 months.,Meet potential hires for a project I am starting.,Agreed
gst-aP4ZPjfFSgpo9sCg,Mikael Leroy,Mikael,Leroy,mikael.leroy@gmail.com,,2026-02-19T02:17:24.000Z,approved,2026-02-21T01:36:23.000Z,,https://luma.com/check-in/evt-TEHackLDN2026?pk=kcsXtTfVc0PkwBM2,$0.00,$0.00,$0.00,usd,,,,3.0,Amazing community. The talks before hacking started were excellent.,evtticktyp-PFND000001,Pre-Founder,https://linkedin.com/in/mikael-leroy-384,ex-Stripe,Senior PM,https://huggingface.co/spaces/mikael-leroy,Co-founded a B2B SaaS tool reaching €250K ARR in 18 months with zero outside funding.,Win the hackathon and validate the concept.,Agreed
gst-qx0XOXhRd6jzKXQl,Mehmet Larsen,Mehmet,Larsen,mehmet55@yahoo.com,,2026-02-18T19:20:37.000Z,approved,2026-02-21T01:08:41.000Z,,https://luma.com/check-in/evt-TEHackLDN2026?pk=xwbQZ8i5hzcqtRQV,$0.00,$0.00,$0.00,usd,,,,4.0,,evtticktyp-ENG0000001,Engineer,https://linkedin.com/in/mehmet-larsen-164,Wise,Strategy Consultant,,Led technical due diligence for a €20M Series A at a VC firm.,Have fun and meet interesting people.,Agreed
gst-ATDPNjZ3Ma5FDEkU,Ingrid Wisniewski,Ingrid,Wisniewski,ingrid_wisniewski@outlook.com,,2026-02-17T00:18:36.000Z,approved,2026-02-21T03:38:01.000Z,,https://luma.com/check-in/evt-TEHackLDN2026?pk=turFIxYeBJfEt8Ub,$0.00,$0.00,$0.00,usd,,,,5.0,,evtticktyp-FND0000001,Founder,https://linkedin.com/in/ingrid-wisniewski-573,Zalando,Technical Co-Founder,https://github.com/ingridwisniewski/demo-project,Completed a PhD in ML with a focus on out-of-distribution generalisation.,Build something I can show to early customers.,Agreed
gst-3IOCvZY0uVLSwCgO,Arjun Johansson,Arjun,Johansson,ajohansson@icloud.com,,2026-02-16T10:36:33.000Z,approved,2026-02-21T01:40:17.000Z,,https://luma.com/check-in/evt-TEHackLDN2026?pk=awNXHxg3EYUzpmh0,$0.00,$0.00,$0.00,usd,,,,,,evtticktyp-FND0000001,Founder,https://linkedin.com/in/arjun-johansson-583,ex-Meta,CTO,https://github.com/arjun-johansson/open-source-lib,"Rebuilt the data platform for a Series B startup, cutting infrastructure costs by 40%.",Meet potential hires for a project I am starting.,Agreed
gst-cNPh3CKF7aTIAK5W,Reese Gruber,Reese,Gruber,reese.gruber@proton.me,,2026-02-18T20:02:31.000Z,approved,2026-02-21T03:05:39.000Z,,https://luma.com/check-in/evt-TEHackLDN2026?pk=4QkYgOLt2zLQpyvs,$0.00,$0.00,$0.00,usd,,,,5.0,Best hackathon I have been to in London. Will come back.,evtticktyp-ENG0000001,Engineer,https://linkedin.com/in/reese-gruber-283,Celonis,Solutions Architect,,"Grew an open-source library from 0 to 3,400 GitHub stars in under a year.",Explore a specific product idea I have been sitting on.,Agreed
gst-S6NmMsvP8O7FRthv,Mikael Yamamoto,Mikael,Yamamoto,myamamoto@icloud.com,,2026-02-17T14:03:18.000Z,approved,2026-02-21T02:44:27.000Z,,https://luma.com/check-in/evt-TEHackLDN2026?pk=DJPzU0r0YGbjPmUj,$0.00,$0.00,$0.00,usd,,,,5.0,,evtticktyp-PFND000001,Pre-Founder,https://linkedin.com/in/mikael-yamamoto-381,Independent,Product Manager - AI,https://github.com/mikael-yamamoto/open-source-lib,Scaled a backend system from 10K to 5M daily active users across two data centres.,Learn by doing — I want to use tools I have not worked with before.,Agreed
gst-wCMPInOyFXRQcxzW,Lucas Durand,Lucas,Durand,lucas15@yahoo.com,,2026-02-16T18:39:45.000Z,approved,2026-02-21T03:15:05.000Z,,https://luma.com/check-in/evt-TEHackLDN2026?pk=Q7dUm11BnNRwKTmS,$0.00,$0.00,$0.00,usd,,,,5.0,Solid event. The partner tech tracks were well thought out.,evtticktyp-ENG0000001,Engineer,https://linkedin.com/in/lucas-durand-137,Checkout.com,Senior ML Engineer,https://github.com/lucasdurand/demo-project,"Rebuilt the data platform for a Series B startup, cutting infrastructure costs by 40%.",Learn by doing — I want to use tools I have not worked with before.,Agreed
gst-7Thcrqj0aC6c5LVM,Rafael Hutter,Rafael,Hutter,rafael.hutter@pm.me,,2026-02-17T16:40:54.000Z,approved,2026-02-21T01:14:56.000Z,,https://luma.com/check-in/evt-TEHackLDN2026?pk=0sWIeRG7GWjHzv2P,$0.00,$0.00,$0.00,usd,,,,,,evtticktyp-FND0000001,Founder,https://linkedin.com/in/rafael-hutter-329,Checkout.com,Co-Founder,https://huggingface.co/spaces/rafael-hutter,"Led a team that automated 70% of manual ops workflows, saving 200+ engineer-hours per month.",Win the hackathon and validate the concept.,Agreed
gst-hvoN4pc2xXhpSbGV,Priya Wolf,Priya,Wolf,priyawol@icloud.com,,2026-02-17T05:22:38.000Z,approved,2026-02-21T01:27:19.000Z,,https://luma.com/check-in/evt-TEHackLDN2026?pk=FFEsOtff8VHMnNnQ,$0.00,$0.00,$0.00,usd,,,,3.0,,evtticktyp-FND0000001,Founder,https://linkedin.com/in/priya-wolf-802,Darktrace,Co-Founder,https://github.com/priyawolf/demo-project,Published a paper at NeurIPS on efficient fine-tuning of large language models.,Network with engineers building at the frontier.,Agreed
gst-bScelpeY4zBztyha,Casey Ricci,Casey,Ricci,cricci@gmail.com,,2026-02-17T23:09:29.000Z,approved,2026-02-21T03:25:10.000Z,,https://luma.com/check-in/evt-TEHackLDN2026?pk=SdUc0wFrQLr5xYbj,$0.00,$0.00,$0.00,usd,,,,4.0,Best hackathon I have been to in London. Will come back.,evtticktyp-RES0000001,Researcher / Student,https://linkedin.com/in/casey-ricci-717,Wayve,Researcher,https://huggingface.co/spaces/casey-ricci,Won first place at a national AI hackathon with a clinical NLP tool.,Explore a specific product idea I have been sitting on.,Agreed
gst-P4XTx6IIhaKH6sU4,Tariq Sharma,Tariq,Sharma,tariq_sharma@icloud.com,,2026-02-18T14:22:37.000Z,approved,2026-02-21T02:01:22.000Z,,https://luma.com/check-in/evt-TEHackLDN2026?pk=vzOFjnZmlX0059CI,$0.00,$0.00,$0.00,usd,,,,5.0,"Great vibe, excellent mentors. Would love a longer format next time.",evtticktyp-FND0000001,Founder,https://linkedin.com/in/tariq-sharma-435,Own startup,Technical Co-Founder,https://github.com/tariq-sharma/open-source-lib,Scaled a backend system from 10K to 5M daily active users across two data centres.,Find a co-founder with complementary skills.,Agreed
gst-hOgM3tBMsKJwtAap,Bjorn Moreau,Bjorn,Moreau,bjorn90@hey.com,,2026-02-17T02:15:16.000Z,approved,2026-02-21T01:03:40.000Z,,https://luma.com/check-in/evt-TEHackLDN2026?pk=nTB0iT2CwsIkL01i,$0.00,$0.00,$0.00,usd,,,,3.0,Amazing community. The talks before hacking started were excellent.,evtticktyp-ENG0000001,Engineer,https://linkedin.com/in/bjorn-moreau-897,Google,ML Engineer,https://github.com/bjorn-moreau/open-source-lib,Ran growth experiments that doubled monthly active users in a B2C app over 6 months.,Network with engineers building at the frontier.,Agreed
gst-30NYJVncq3HOjy3K,Cameron Baumann,Cameron,Baumann,cameron_baumann@gmail.com,,2026-02-17T03:10:05.000Z,approved,2026-02-21T02:52:02.000Z,,https://luma.com/check-in/evt-TEHackLDN2026?pk=1iFfwao78QUijJJ2,$0.00,$0.00,$0.00,usd,,,,,,evtticktyp-ENG0000001,Engineer,https://linkedin.com/in/cameron-baumann-999,N26,Software Engineer,https://github.com/cameronbaumann/demo-project,"Grew an open-source library from 0 to 3,400 GitHub stars in under a year.",Meet potential hires for a project I am starting.,Agreed
gst-qoPGXy42cOg8NqTJ,Avery Ionescu,Avery,Ionescu,avery.ionescu@pm.me,,2026-02-19T04:23:19.000Z,approved,2026-02-21T01:18:34.000Z,,https://luma.com/check-in/evt-TEHackLDN2026?pk=JxxK3ep8nzYvX3a2,$0.00,$0.00,$0.00,usd,,,,3.0,Solid event. The partner tech tracks were well thought out.,evtticktyp-ENG0000001,Engineer,https://linkedin.com/in/avery-ionescu-190,Stealth,VC Analyst,https://github.com/averyionescu/demo-project,Raised a pre-seed round of €500K and launched an MVP within 90 days.,Explore a specific product idea I have been sitting on.,Agreed
gst-lwShoYSDDnjZbcJj,Jamie Hansen,Jamie,Hansen,jamie86@outlook.com,,2026-02-17T00:44:50.000Z,approved,2026-02-21T00:54:52.000Z,,https://luma.com/check-in/evt-TEHackLDN2026?pk=NcJdql7LIbSPrfB9,$0.00,$0.00,$0.00,usd,,,,5.0,Solid event. The partner tech tracks were well thought out.,evtticktyp-FND0000001,Founder,https://linkedin.com/in/jamie-hansen-981,SumUp,CEO,https://huggingface.co/spaces/jamie-hansen,Architected a zero-downtime deployment system across 12 microservices.,Explore a specific product idea I have been sitting on.,Agreed
gst-MFkQ5KexibG4QZLl,Lucas Hoffmann,Lucas,Hoffmann,lucashof@yahoo.com,,2026-02-16T23:58:24.000Z,approved,2026-02-21T03:07:27.000Z,,https://luma.com/check-in/evt-TEHackLDN2026?pk=3L2GUfO3Ha6QAA2R,$0.00,$0.00,$0.00,usd,,,,,,evtticktyp-PFND000001,Pre-Founder,https://linkedin.com/in/lucas-hoffmann-686,Darktrace,Product Manager,https://huggingface.co/spaces/lucas-hoffmann,Built an internal LLM evaluation framework adopted across the entire engineering org.,Network with engineers building at the frontier.,Agreed
gst-ApV4fLHpaUaGGxmX,Emre Celik,Emre,Celik,emre.celik@icloud.com,,2026-02-19T04:20:01.000Z,approved,2026-02-21T03:14:24.000Z,,https://luma.com/check-in/evt-TEHackLDN2026?pk=zgAKqHJL9ymIIlID,$0.00,$0.00,$0.00,usd,,,,4.0,Amazing community. The talks before hacking started were excellent.,evtticktyp-ENG0000001,Engineer,https://linkedin.com/in/emre-celik-308,Freelance,Data Engineer,https://github.com/emrecelik/demo-project,Scaled a backend system from 10K to 5M daily active users across two data centres.,Have fun and meet interesting people.,Agreed
gst-UBRknyuIRRj7afj5,Petra Sousa,Petra,Sousa,petra11@fastmail.com,,2026-02-17T09:04:30.000Z,approved,2026-02-21T02:44:21.000Z,,https://luma.com/check-in/evt-TEHackLDN2026?pk=Adnecx9MGSL6YNBm,$0.00,$0.00,$0.00,usd,,,,,,evtticktyp-PFND000001,Pre-Founder,https://linkedin.com/in/petra-sousa-633,Zalando,Product Manager - AI,https://github.com/petrasousa/demo-project,Created a developer tool that reduced onboarding time from 2 weeks to 3 days.,Learn by doing — I want to use tools I have not worked with before.,Agreed
gst-wO8fryPzmaR4ITIK,Leon Greco,Leon,Greco,leongre@yahoo.com,,2026-02-16T22:10:51.000Z,approved,2026-02-21T00:44:02.000Z,,https://luma.com/check-in/evt-TEHackLDN2026?pk=vYo7CzakFIFvhFpH,$0.00,$0.00,$0.00,usd,,,,4.0,"Great vibe, excellent mentors. Would love a longer format next time.",evtticktyp-ENG0000001,Engineer,https://linkedin.com/in/leon-greco-889,Monzo,Principal Engineer,https://github.com/leongreco/demo-project,Led technical due diligence for a €20M Series A at a VC firm.,Learn by doing — I want to use tools I have not worked with before.,Agreed
gst-7CCKbheN9Pot7GaZ,Andrei Rusu,Andrei,Rusu,andreirus@icloud.com,,2026-02-18T10:32:58.000Z,approved,2026-02-21T01:43:41.000Z,,https://luma.com/check-in/evt-TEHackLDN2026?pk=pfPYe5Dv3q6Q4EmT,$0.00,$0.00,$0.00,usd,,,,3.0,Solid event. The partner tech tracks were well thought out.,evtticktyp-FND0000001,Founder,https://linkedin.com/in/andrei-rusu-580,Checkout.com,Indie Hacker,https://github.com/andrei-rusu/open-source-lib,"Shipped 0-to-1 product that acquired 10,000 users in 3 months with no paid marketing.",Network with engineers building at the frontier.,Agreed
gst-he7Ea170xt32JrlV,Nadia Moser,Nadia,Moser,nadia.moser@pm.me,,2026-02-17T00:41:25.000Z,approved,2026-02-21T00:51:29.000Z,,https://luma.com/check-in/evt-TEHackLDN2026?pk=FyUhGA6cv1WChGta,$0.00,$0.00,$0.00,usd,,,,5.0,"Great vibe, excellent mentors. Would love a longer format next time.",evtticktyp-PFND000001,Pre-Founder,http://linkedin.com/in/nadia-moser-765,Poolside,Product Manager,https://github.com/nadiamoser/demo-project,"Rebuilt the data platform for a Series B startup, cutting infrastructure costs by 40%.",Build something I can show to early customers.,Agreed
gst-oDMwEnRx0rliJogq,Ivan Bjork,Ivan,Bjork,ivan.bjork@gmail.com,,2026-02-18T02:18:27.000Z,approved,2026-02-21T00:41:08.000Z,,https://luma.com/check-in/evt-TEHackLDN2026?pk=oAxj7jXkE90GSWsI,$0.00,$0.00,$0.00,usd,,,,5.0,"Great vibe, excellent mentors. Would love a longer format next time.",evtticktyp-FND0000001,Founder,https://linkedin.com/in/ivan-bjork-616,Mistral AI,Pre-Founder,https://github.com/ivan-bjork/open-source-lib,Led technical due diligence for a €20M Series A at a VC firm.,Ship a working prototype and get feedback from domain experts.,Agreed
gst-YDNBuwI5pbh17mJO,Quinn Gheorghe,Quinn,Gheorghe,quinn_gheorghe@fastmail.com,,2026-02-17T13:00:38.000Z,approved,2026-02-21T00:27:48.000Z,,https://luma.com/check-in/evt-TEHackLDN2026?pk=kWwPET3xrNikYuNJ,$0.00,$0.00,$0.00,usd,,,,,,evtticktyp-PFND000001,Pre-Founder,https://linkedin.com/in/quinn-gheorghe-858,Monzo,Senior PM,https://huggingface.co/spaces/quinn-gheorghe,Co-founded a B2B SaaS tool reaching €250K ARR in 18 months with zero outside funding.,Find a co-founder with complementary skills.,Agreed
gst-Ly3W6UGBk0hopUUn,Petra Wojcik,Petra,Wojcik,petrawoj@proton.me,,2026-02-16T19:47:47.000Z,approved,2026-02-21T01:21:51.000Z,,https://luma.com/check-in/evt-TEHackLDN2026?pk=yf6DdVG9gMf5yoTB,$0.00,$0.00,$0.00,usd,,,,5.0,Very impressed by the calibre of projects. Learned a lot.,evtticktyp-ENG0000001,Engineer,https://linkedin.com/in/petra-wojcik-799,Faculty,AI Engineer,https://github.com/petra-wojcik/open-source-lib,"Grew an open-source library from 0 to 3,400 GitHub stars in under a year.",Explore a specific product idea I have been sitting on.,Agreed
gst-1uD8HqB8RkLNNIGN,Maren Hansen,Maren,Hansen,maren_hansen@hey.com,,2026-02-17T22:21:22.000Z,approved,2026-02-21T02:31:55.000Z,,https://luma.com/check-in/evt-TEHackLDN2026?pk=tvHXBwqsaY0vDa56,$0.00,$0.00,$0.00,usd,,,,,,evtticktyp-ENG0000001,Engineer,http://linkedin.com/in/maren-hansen-878,Independent,Principal Engineer,https://github.com/maren-hansen/open-source-lib,Architected a zero-downtime deployment system across 12 microservices.,Learn by doing — I want to use tools I have not worked with before.,Agreed
gst-Hl2BpSOZneMGXMRq,Kendall Andersson,Kendall,Andersson,kendall81@hey.com,,2026-02-16T08:39:54.000Z,approved,2026-02-21T03:08:51.000Z,,https://luma.com/check-in/evt-TEHackLDN2026?pk=OGqleigCCREtj8b8,$0.00,$0.00,$0.00,usd,,,,5.0,Solid event. The partner tech tracks were well thought out.,evtticktyp-FND0000001,Founder,https://linkedin.com/in/kendall-andersson-326,Revolut,Founder,https://github.com/kendallandersson/demo-project,Scaled a backend system from 10K to 5M daily active users across two data centres.,Learn by doing — I want to use tools I have not worked with before.,Agreed
gst-fanAWExRbeUjqyHl,Riley Martin,Riley,Martin,riley56@yahoo.com,,2026-02-16T17:06:18.000Z,approved,2026-02-21T02:54:44.000Z,,https://luma.com/check-in/evt-TEHackLDN2026?pk=3pxa8Sx8p9mTfPmy,$0.00,$0.00,$0.00,usd,,,,,,evtticktyp-FND0000001,Founder,https://linkedin.com/in/riley-martin-167,Microsoft,CTO,https://huggingface.co/spaces/riley-martin,Scaled a backend system from 10K to 5M daily active users across two data centres.,Win the hackathon and validate the concept.,Agreed
gst-DswdP8oAaXKyp8KQ,Casey Leroy,Casey,Leroy,casey_leroy@outlook.com,,2026-02-16T19:32:59.000Z,approved,2026-02-21T01:55:14.000Z,,https://luma.com/check-in/evt-TEHackLDN2026?pk=QjVpEQu8VdwjHgEt,$0.00,$0.00,$0.00,usd,,,,,,evtticktyp-ENG0000001,Engineer,https://linkedin.com/in/casey-leroy-765,ex-Google,DevOps Engineer,https://github.com/casey-leroy/open-source-lib,Ran growth experiments that doubled monthly active users in a B2C app over 6 months.,Win the hackathon and validate the concept.,Agreed
gst-wi3EBsRllvTrZ4Ie,Zara Andersson,Zara,Andersson,zara20@fastmail.com,,2026-02-18T18:39:23.000Z,approved,2026-02-21T03:26:31.000Z,,https://luma.com/check-in/evt-TEHackLDN2026?pk=jsqwaNxlb1WoSOHy,$0.00,$0.00,$0.00,usd,,,,4.0,"Really well organised, loved the energy and quality of other participants.",evtticktyp-PFND000001,Pre-Founder,https://linkedin.com/in/zara-andersson-469,Faculty,Senior PM,,Created a developer tool that reduced onboarding time from 2 weeks to 3 days.,Meet potential hires for a project I am starting.,Agreed
gst-NgGeZi2mEgJZOGRp,Sage Costa,Sage,Costa,scosta@hey.com,,2026-02-18T15:45:32.000Z,approved,2026-02-21T02:18:15.000Z,,https://luma.com/check-in/evt-TEHackLDN2026?pk=wLe5mE3eXdI6zwRZ,$0.00,$0.00,$0.00,usd,,,,5.0,Amazing community. The talks before hacking started were excellent.,evtticktyp-PFND000001,Pre-Founder,https://linkedin.com/in/sage-costa-979,Google,Product Manager - AI,,"Shipped 0-to-1 product that acquired 10,000 users in 3 months with no paid marketing.",Test whether a technical idea is feasible in a constrained time window.,Agreed
gst-7gSGlGpMlUzgNwCP,Roisin Nakamura,Roisin,Nakamura,roisin_nakamura@icloud.com,,2026-02-16T10:57:36.000Z,approved,2026-02-21T03:05:10.000Z,,https://luma.com/check-in/evt-TEHackLDN2026?pk=2klyuj9Bvt9uxVAT,$0.00,$0.00,$0.00,usd,,,,5.0,Best hackathon I have been to in London. Will come back.,evtticktyp-FND0000001,Founder,https://linkedin.com/in/roisin-nakamura-571,Celonis,CEO,https://huggingface.co/spaces/roisin-nakamura,Implemented a recommendation engine that increased average session length by 22%.,Network with engineers building at the frontier.,Agreed
gst-ByT8KG9ssn1bYQrI,Luca Kowalski,Luca,Kowalski,lkowalski@outlook.com,,2026-02-18T01:00:25.000Z,approved,2026-02-21T02:02:12.000Z,,https://luma.com/check-in/evt-TEHackLDN2026?pk=I5jcwiwKoYfy4TSX,$0.00,$0.00,$0.00,usd,,,,5.0,Amazing community. The talks before hacking started were excellent.,evtticktyp-FND0000001,Founder,https://linkedin.com/in/luca-kowalski-326,ex-McKinsey,Founder,,Designed and deployed a real-time fraud detection system processing 1M+ transactions per day.,Meet potential hires for a project I am starting.,Agreed
gst-cYxW5u2A5hVU05NN,Emre Osei,Emre,Osei,emre_osei@fastmail.com,,2026-02-18T20:07:33.000Z,approved,2026-02-21T03:25:49.000Z,,https://luma.com/check-in/evt-TEHackLDN2026?pk=dGtJuRjP98UJfAWj,$0.00,$0.00,$0.00,usd,,,,,,evtticktyp-PFND000001,Pre-Founder,https://linkedin.com/in/emre-osei-227,Trade Republic,Product Manager - AI,https://github.com/emre-osei/open-source-lib,"Led a team that automated 70% of manual ops workflows, saving 200+ engineer-hours per month.",Find a co-founder with complementary skills.,Agreed
gst-yARVDmyJI9GpqAQJ,Hayden Gupta,Hayden,Gupta,haydengup@proton.me,,2026-02-17T18:39:02.000Z,approved,2026-02-21T01:45:51.000Z,,https://luma.com/check-in/evt-TEHackLDN2026?pk=gzwlvOVkvYXMB5oQ,$0.00,$0.00,$0.00,usd,,,,4.0,Very impressed by the calibre of projects. Learned a lot.,evtticktyp-PFND000001,Pre-Founder,http://linkedin.com/in/hayden-gupta-125,Personio,Senior PM,https://github.com/haydengupta/demo-project,"Grew an open-source library from 0 to 3,400 GitHub stars in under a year.",Find a co-founder with complementary skills.,Agreed
gst-aRgBbmHmGqDTiRbK,Elliot Chen,Elliot,Chen,elliot_chen@pm.me,,2026-02-16T16:10:57.000Z,approved,2026-02-21T02:28:07.000Z,,https://luma.com/check-in/evt-TEHackLDN2026?pk=PckrWMdOayq0O1b1,$0.00,$0.00,$0.00,usd,,,,,,evtticktyp-ENG0000001,Engineer,https://linkedin.com/in/elliot-chen-243,Monzo,Data Engineer,https://github.com/elliot-chen/open-source-lib,Completed a PhD in ML with a focus on out-of-distribution generalisation.,Network with engineers building at the frontier.,Agreed
gst-ELfm7ISc5sEUbQws,Avery Gupta,Avery,Gupta,averygup@fastmail.com,,2026-02-19T07:20:46.000Z,approved,2026-02-21T01:53:31.000Z,,https://luma.com/check-in/evt-TEHackLDN2026?pk=98rdpy9966nvyiTG,$0.00,$0.00,$0.00,usd,,,,,,evtticktyp-PFND000001,Pre-Founder,https://linkedin.com/in/avery-gupta-199,Personio,VP Product,https://github.com/avery-gupta/open-source-lib,Implemented a recommendation engine that increased average session length by 22%.,Network with engineers building at the frontier.,Agreed
gst-BiOKQmiQ34A4VOJj,Finley Fischer,Finley,Fischer,finley_fischer@icloud.com,,2026-02-17T14:23:21.000Z,approved,2026-02-21T00:52:15.000Z,,https://luma.com/check-in/evt-TEHackLDN2026?pk=eHSl0jbt87sUYNTj,$0.00,$0.00,$0.00,usd,,,,4.0,Very impressed by the calibre of projects. Learned a lot.,evtticktyp-FND0000001,Founder,https://linkedin.com/in/finley-fischer-838,N26,Founder,https://github.com/finley-fischer/open-source-lib,"Rebuilt the data platform for a Series B startup, cutting infrastructure costs by 40%.",Find a co-founder with complementary skills.,Agreed
gst-obeWi0DOlyDkoz85,Jordan Watanabe,Jordan,Watanabe,jordan56@icloud.com,,2026-02-16T17:34:43.000Z,approved,2026-02-21T01:21:15.000Z,,https://luma.com/check-in/evt-TEHackLDN2026?pk=6nPmmk7BMQ13AWLZ,$0.00,$0.00,$0.00,usd,,,,5.0,Solid event. The partner tech tracks were well thought out.,evtticktyp-ENG0000001,Engineer,https://linkedin.com/in/jordan-watanabe-927,AUTO1,Research Engineer,https://huggingface.co/spaces/jordan-watanabe,"Led a team that automated 70% of manual ops workflows, saving 200+ engineer-hours per month.",Build something I can show to early customers.,Agreed
gst-BZc9GyTIFNdsysZC,Mira Tanaka,Mira,Tanaka,mira.tanaka@icloud.com,,2026-02-18T04:31:42.000Z,approved,2026-02-21T03:25:02.000Z,,https://luma.com/check-in/evt-TEHackLDN2026?pk=AMdGiZCShW6RizBl,$0.00,$0.00,$0.00,usd,,,,,,evtticktyp-FND0000001,Founder,http://linkedin.com/in/mira-tanaka-752,Freelance,CEO,https://github.com/miratanaka/demo-project,Led technical due diligence for a €20M Series A at a VC firm.,Network with engineers building at the frontier.,Agreed
gst-fRNfRT8LjIcku21k,Santiago Ferreira,Santiago,Ferreira,santiago_ferreira@gmail.com,,2026-02-19T00:15:54.000Z,approved,2026-02-21T01:37:50.000Z,,https://luma.com/check-in/evt-TEHackLDN2026?pk=iVdtT7rl37aVaEEY,$0.00,$0.00,$0.00,usd,,,,5.0,"Great vibe, excellent mentors. Would love a longer format next time.",evtticktyp-PFND000001,Pre-Founder,https://linkedin.com/in/santiago-ferreira-151,Aleph Alpha,Product Manager,https://github.com/santiagoferreira/demo-project,Implemented a recommendation engine that increased average session length by 22%.,Meet potential hires for a project I am starting.,Agreed
gst-BLa2rMYmldvjcJLu,Catalin Bjork,Catalin,Bjork,catalinbjo@hey.com,,2026-02-17T01:19:18.000Z,approved,2026-02-21T01:21:02.000Z,,https://luma.com/check-in/evt-TEHackLDN2026?pk=fg9krORJI7UwcVu3,$0.00,$0.00,$0.00,usd,,,,3.0,,evtticktyp-ENG0000001,Engineer,https://linkedin.com/in/catalin-bjork-518,Klarna,Senior Software Engineer,,Co-founded a B2B SaaS tool reaching €250K ARR in 18 months with zero outside funding.,Build something I can show to early customers.,Agreed
gst-RrGGRLgTM9DQ59rL,Sage Adeyemi,Sage,Adeyemi,sage.adeyemi@fastmail.com,,2026-02-18T21:24:28.000Z,approved,2026-02-21T01:57:05.000Z,,https://luma.com/check-in/evt-TEHackLDN2026?pk=tG9viIGNElLR8abM,$0.00,$0.00,$0.00,usd,,,,3.0,"Great vibe, excellent mentors. Would love a longer format next time.",evtticktyp-ENG0000001,Engineer,http://linkedin.com/in/sage-adeyemi-431,Zalando,Principal Engineer,https://github.com/sageadeyemi/demo-project,Published a paper at NeurIPS on efficient fine-tuning of large language models.,Network with engineers building at the frontier.,Agreed
gst-vXnNQpesIVhuyJ7Z,Lena Adeyemi,Lena,Adeyemi,lena_adeyemi@pm.me,,2026-02-18T18:13:20.000Z,approved,2026-02-21T02:16:45.000Z,,https://luma.com/check-in/evt-TEHackLDN2026?pk=mZ5DDcijC13CY5dG,$0.00,$0.00,$0.00,usd,,,,4.0,"Really well organised, loved the energy and quality of other participants.",evtticktyp-RES0000001,Researcher / Student,https://linkedin.com/in/lena-adeyemi-106,Faculty,Researcher,https://github.com/lena-adeyemi/open-source-lib,Led technical due diligence for a €20M Series A at a VC firm.,Win the hackathon and validate the concept.,Agreed
gst-8rb8M0JyK1URtbzE,Casey Celik,Casey,Celik,casey40@proton.me,,2026-02-18T00:25:36.000Z,approved,2026-02-21T01:49:27.000Z,,https://luma.com/check-in/evt-TEHackLDN2026?pk=oC6nsgWW4BbDFl5T,$0.00,$0.00,$0.00,usd,,,,5.0,Amazing community. The talks before hacking started were excellent.,evtticktyp-ENG0000001,Engineer,https://linkedin.com/in/casey-celik-860,ex-Meta,Staff Engineer,https://github.com/caseycelik/demo-project,Created a developer tool that reduced onboarding time from 2 weeks to 3 days.,Learn by doing — I want to use tools I have not worked with before.,Agreed
gst-mcy1htc02u3gVUbV,Charlie Gheorghe,Charlie,Gheorghe,cgheorghe@fastmail.com,,2026-02-18T16:28:21.000Z,approved,2026-02-21T01:47:55.000Z,,https://luma.com/check-in/evt-TEHackLDN2026?pk=NnmrHVPqjh7IgHIq,$0.00,$0.00,$0.00,usd,,,,,,evtticktyp-FND0000001,Founder,https://linkedin.com/in/charlie-gheorghe-706,Own startup,Founder,https://huggingface.co/spaces/charlie-gheorghe,Scaled a backend system from 10K to 5M daily active users across two data centres.,Have fun and meet interesting people.,Agreed
gst-db4dxfyR3NQBwumV,Elise Ryan,Elise,Ryan,elise.ryan@pm.me,,2026-02-17T01:49:39.000Z,approved,2026-02-21T00:49:49.000Z,,https://luma.com/check-in/evt-TEHackLDN2026?pk=Ye5VJfXRgtNVD6i3,$0.00,$0.00,$0.00,usd,,,,5.0,,evtticktyp-PFND000001,Pre-Founder,https://linkedin.com/in/elise-ryan-221,Deliveroo,Product Manager - AI,,"Shipped 0-to-1 product that acquired 10,000 users in 3 months with no paid marketing.",Win the hackathon and validate the concept.,Agreed
gst-EegD0rvJFzSgIesC,Mehmet Diallo,Mehmet,Diallo,mehmet90@yahoo.com,,2026-02-17T12:33:00.000Z,approved,2026-02-21T01:31:00.000Z,,https://luma.com/check-in/evt-TEHackLDN2026?pk=KopjDemRA8JvRkPT,$0.00,$0.00,$0.00,usd,,,,5.0,Amazing community. The talks before hacking started were excellent.,evtticktyp-ENG0000001,Engineer,http://linkedin.com/in/mehmet-diallo-705,Wayve,Platform Engineer,,Led technical due diligence for a €20M Series A at a VC firm.,Meet potential hires for a project I am starting.,Agreed
gst-Yk7egYVxEOfY34Na,Alex Sahin,Alex,Sahin,alexsah@yahoo.com,,2026-02-16T16:19:29.000Z,approved,2026-02-21T02:15:35.000Z,,https://luma.com/check-in/evt-TEHackLDN2026?pk=jjGyJmQtJ4s6A8vf,$0.00,$0.00,$0.00,usd,,,,5.0,,evtticktyp-FND0000001,Founder,http://linkedin.com/in/alex-sahin-205,Own startup,Technical Co-Founder,https://github.com/alexsahin/demo-project,"Led migration of a monolith to microservices, reducing p99 latency by 60% for 2M+ users.",Have fun and meet interesting people.,Agreed
gst-d38aI8grbAKMSzAn,Sasha Berg,Sasha,Berg,sberg@hey.com,,2026-02-19T07:49:44.000Z,approved,2026-02-21T02:25:52.000Z,,https://luma.com/check-in/evt-TEHackLDN2026?pk=kiI0wzr2haOi2O8i,$0.00,$0.00,$0.00,usd,,,,,,evtticktyp-FND0000001,Founder,https://linkedin.com/in/sasha-berg-769,Google,Technical Co-Founder,https://github.com/sasha-berg/open-source-lib,"Grew an open-source library from 0 to 3,400 GitHub stars in under a year.",Build something I can show to early customers.,Agreed
gst-FIBwlLJ0oFzHw8JR,Ingrid Baumann,Ingrid,Baumann,ibaumann@fastmail.com,,2026-02-18T22:38:03.000Z,approved,2026-02-21T02:12:05.000Z,,https://luma.com/check-in/evt-TEHackLDN2026?pk=hDQiT88WCe3fDT7e,$0.00,$0.00,$0.00,usd,,,,4.0,"Great vibe, excellent mentors. Would love a longer format next time.",evtticktyp-FND0000001,Founder,https://linkedin.com/in/ingrid-baumann-618,Darktrace,Indie Hacker,,Ran growth experiments that doubled monthly active users in a B2C app over 6 months.,Have fun and meet interesting people.,Agreed
gst-DFDTA7Xrc5UTIdDk,Ioana Nakamura,Ioana,Nakamura,inakamura@fastmail.com,,2026-02-17T06:45:19.000Z,approved,2026-02-21T02:47:20.000Z,,https://luma.com/check-in/evt-TEHackLDN2026?pk=d9YMrfF0rir1agkK,$0.00,$0.00,$0.00,usd,,,,5.0,,evtticktyp-FND0000001,Founder,https://linkedin.com/in/ioana-nakamura-796,ex-Stripe,CEO,https://github.com/ioananakamura/demo-project,"Grew an open-source library from 0 to 3,400 GitHub stars in under a year.",Meet potential hires for a project I am starting.,Agreed
